Peptide Modified Sequence,Protein Name,Replicate Name,Precursor Mz,Precursor Charge,Product Mz,Product Charge,Fragment Ion,Retention Time,Area,Total Background,Peak Rank,File Name,Isotope Label Type
ENFVLTTAK,sp|P22891|PROZ_HUMAN,IT_1-7_2,511.779482,2,244.092797,1,b2,69.69,12858,43051,4,20201024_LRH_plasma_IT_1-7_2.raw,light
ENFVLTTAK,sp|P22891|PROZ_HUMAN,IT_1-7_3,511.779482,2,244.092797,1,b2,69.09,25240,55339,2,20201024_LRH_plasma_IT_1-7_3.raw,light
ENFVLTTAK,sp|P22891|PROZ_HUMAN,IT_1-7_5,511.779482,2,244.092797,1,b2,68.93,28083,29760,2,20201024_LRH_plasma_IT_1-7_5.raw,light
ENFVLTTAK,sp|P22891|PROZ_HUMAN,IT_1-7_4,511.779482,2,244.092797,1,b2,68.98,49463,37128,1,20201024_LRH_plasma_IT_1-7_4.raw,light
ENFVLTTAK,sp|P22891|PROZ_HUMAN,IT_1-7_6,511.779482,2,244.092797,1,b2,68.82,36385,36140,2,20201024_LRH_plasma_IT_1-7_6.raw,light
ENFVLTTAK,sp|P22891|PROZ_HUMAN,IT_1-7_2,511.779482,2,632.397753,1,y6,69.87,24032,43051,2,20201024_LRH_plasma_IT_1-7_2.raw,light
ENFVLTTAK,sp|P22891|PROZ_HUMAN,IT_1-7_3,511.779482,2,632.397753,1,y6,69.28,22043,55339,3,20201024_LRH_plasma_IT_1-7_3.raw,light
ENFVLTTAK,sp|P22891|PROZ_HUMAN,IT_1-7_5,511.779482,2,632.397753,1,y6,69.12,15196,29760,3,20201024_LRH_plasma_IT_1-7_5.raw,light
ENFVLTTAK,sp|P22891|PROZ_HUMAN,IT_1-7_4,511.779482,2,632.397753,1,y6,69.2,16875,37128,4,20201024_LRH_plasma_IT_1-7_4.raw,light
ENFVLTTAK,sp|P22891|PROZ_HUMAN,IT_1-7_6,511.779482,2,632.397753,1,y6,69,18396,36140,3,20201024_LRH_plasma_IT_1-7_6.raw,light
ENFVLTTAK,sp|P22891|PROZ_HUMAN,IT_1-7_2,511.779482,2,533.329339,1,y5,69.87,41177,43051,1,20201024_LRH_plasma_IT_1-7_2.raw,light
ENFVLTTAK,sp|P22891|PROZ_HUMAN,IT_1-7_3,511.779482,2,533.329339,1,y5,69.28,37937,55339,1,20201024_LRH_plasma_IT_1-7_3.raw,light
ENFVLTTAK,sp|P22891|PROZ_HUMAN,IT_1-7_5,511.779482,2,533.329339,1,y5,69.12,33697,29760,1,20201024_LRH_plasma_IT_1-7_5.raw,light
ENFVLTTAK,sp|P22891|PROZ_HUMAN,IT_1-7_4,511.779482,2,533.329339,1,y5,69.23,37525,37128,2,20201024_LRH_plasma_IT_1-7_4.raw,light
ENFVLTTAK,sp|P22891|PROZ_HUMAN,IT_1-7_6,511.779482,2,533.329339,1,y5,68.96,39800,36140,1,20201024_LRH_plasma_IT_1-7_6.raw,light
ENFVLTTAK,sp|P22891|PROZ_HUMAN,IT_1-7_2,511.779482,2,420.245275,1,y4,69.84,21135,43051,3,20201024_LRH_plasma_IT_1-7_2.raw,light
ENFVLTTAK,sp|P22891|PROZ_HUMAN,IT_1-7_3,511.779482,2,420.245275,1,y4,69.28,15883,55339,4,20201024_LRH_plasma_IT_1-7_3.raw,light
ENFVLTTAK,sp|P22891|PROZ_HUMAN,IT_1-7_5,511.779482,2,420.245275,1,y4,69.12,13516,29760,4,20201024_LRH_plasma_IT_1-7_5.raw,light
ENFVLTTAK,sp|P22891|PROZ_HUMAN,IT_1-7_4,511.779482,2,420.245275,1,y4,69.23,19594,37128,3,20201024_LRH_plasma_IT_1-7_4.raw,light
ENFVLTTAK,sp|P22891|PROZ_HUMAN,IT_1-7_6,511.779482,2,420.245275,1,y4,69,17791,36140,4,20201024_LRH_plasma_IT_1-7_6.raw,light
ENFVLTTAK,sp|P22891|PROZ_HUMAN,IT_1-7_2,511.779482,2,319.197596,1,y3,69.87,12134,43051,5,20201024_LRH_plasma_IT_1-7_2.raw,light
ENFVLTTAK,sp|P22891|PROZ_HUMAN,IT_1-7_3,511.779482,2,319.197596,1,y3,69.28,6726,55339,5,20201024_LRH_plasma_IT_1-7_3.raw,light
ENFVLTTAK,sp|P22891|PROZ_HUMAN,IT_1-7_5,511.779482,2,319.197596,1,y3,69.08,8684,29760,5,20201024_LRH_plasma_IT_1-7_5.raw,light
ENFVLTTAK,sp|P22891|PROZ_HUMAN,IT_1-7_4,511.779482,2,319.197596,1,y3,69.23,6959,37128,5,20201024_LRH_plasma_IT_1-7_4.raw,light
ENFVLTTAK,sp|P22891|PROZ_HUMAN,IT_1-7_6,511.779482,2,319.197596,1,y3,69,12300,36140,5,20201024_LRH_plasma_IT_1-7_6.raw,light
