Peptide,Total Area,Protein,Replicate,Protein Description
AAPSVTLFPPSSEELQANK,322182848,sp|A0M8Q6|IGLC7_HUMAN,OT_1-7_4,Immunoglobulin lambda constant 7 OS=Homo sapiens OX=9606 GN=IGLC7 PE=1 SV=3
YAASSYLSLTPEQWK,2248493056,sp|A0M8Q6|IGLC7_HUMAN,OT_1-7_4,Immunoglobulin lambda constant 7 OS=Homo sapiens OX=9606 GN=IGLC7 PE=1 SV=3
FSGSGSGTDFTLTISR,226501088,sp|A0A0C4DH25|KVD20_HUMAN,OT_1-7_4,Immunoglobulin kappa variable 3D-20 OS=Homo sapiens OX=9606 GN=IGKV3D-20 PE=3 SV=1
VTVLGQPK,35592544,sp|B9A064|IGLL5_HUMAN,OT_1-7_4,Immunoglobulin lambda-like polypeptide 5 OS=Homo sapiens OX=9606 GN=IGLL5 PE=2 SV=2
AGVETTKPSK,331291936,sp|B9A064|IGLL5_HUMAN,OT_1-7_4,Immunoglobulin lambda-like polypeptide 5 OS=Homo sapiens OX=9606 GN=IGLL5 PE=2 SV=2
SYSCQVTHEGSTVEK,235641856,sp|B9A064|IGLL5_HUMAN,OT_1-7_4,Immunoglobulin lambda-like polypeptide 5 OS=Homo sapiens OX=9606 GN=IGLL5 PE=2 SV=2
VTEPISAESGEQVER,56464368,sp|O14791|APOL1_HUMAN,OT_1-7_4,Apolipoprotein L1 OS=Homo sapiens OX=9606 GN=APOL1 PE=1 SV=5
EATLQDCPSGPWGK,64650904,sp|O43866|CD5L_HUMAN,OT_1-7_4,CD5 antigen-like OS=Homo sapiens OX=9606 GN=CD5L PE=1 SV=1
NTCNHDEDTWVECEDPFDLR,71551480,sp|O43866|CD5L_HUMAN,OT_1-7_4,CD5 antigen-like OS=Homo sapiens OX=9606 GN=CD5L PE=1 SV=1
LVGGDNLCSGR,70093736,sp|O43866|CD5L_HUMAN,OT_1-7_4,CD5 antigen-like OS=Homo sapiens OX=9606 GN=CD5L PE=1 SV=1
CSGEEQSLEQCQHR,14321489,sp|O43866|CD5L_HUMAN,OT_1-7_4,CD5 antigen-like OS=Homo sapiens OX=9606 GN=CD5L PE=1 SV=1
YGIDWASGR,19811914,sp|O75636|FCN3_HUMAN,OT_1-7_4,Ficolin-3 OS=Homo sapiens OX=9606 GN=FCN3 PE=1 SV=2
LTGSSGFVTDGPGNYK,6679919,sp|O75882|ATRN_HUMAN,OT_1-7_4,Attractin OS=Homo sapiens OX=9606 GN=ATRN PE=1 SV=2
SEAACLAAGPGIR,12351951,sp|O75882|ATRN_HUMAN,OT_1-7_4,Attractin OS=Homo sapiens OX=9606 GN=ATRN PE=1 SV=2
SCALDQNCQWEPR,8933836,sp|O75882|ATRN_HUMAN,OT_1-7_4,Attractin OS=Homo sapiens OX=9606 GN=ATRN PE=1 SV=2
LTLTPWVGLR,22183190,sp|O75882|ATRN_HUMAN,OT_1-7_4,Attractin OS=Homo sapiens OX=9606 GN=ATRN PE=1 SV=2
VGYVSGWGQSDNFK,144843520,sp|P00739|HPTR_HUMAN,OT_1-7_4,Haptoglobin-related protein OS=Homo sapiens OX=9606 GN=HPR PE=2 SV=2
YVMLPVADQYDCITHYEGSTCPK,142292544,sp|P00739|HPTR_HUMAN,OT_1-7_4,Haptoglobin-related protein OS=Homo sapiens OX=9606 GN=HPR PE=2 SV=2
TEQAAVAR,11175715,sp|P00748|FA12_HUMAN,OT_1-7_4,Coagulation factor XII OS=Homo sapiens OX=9606 GN=F12 PE=1 SV=3
LQEDADGSCALLSPYVQPVCLPSGAAR,23985882,sp|P00748|FA12_HUMAN,OT_1-7_4,Coagulation factor XII OS=Homo sapiens OX=9606 GN=F12 PE=1 SV=3
SLDFTELDVAAEK,38059020,sp|P01019|ANGT_HUMAN,OT_1-7_4,Angiotensinogen OS=Homo sapiens OX=9606 GN=AGT PE=1 SV=1
LLVVYPWTQR,246388496,sp|P02042|HBD_HUMAN,OT_1-7_4,Hemoglobin subunit delta OS=Homo sapiens OX=9606 GN=HBD PE=1 SV=2
VVAGVANALAHK,19268292,sp|P02042|HBD_HUMAN,OT_1-7_4,Hemoglobin subunit delta OS=Homo sapiens OX=9606 GN=HBD PE=1 SV=2
DLATVYVDVLK,737993536,sp|P02647|APOA1_HUMAN,OT_1-7_4,Apolipoprotein A-I OS=Homo sapiens OX=9606 GN=APOA1 PE=1 SV=1
VQPYLDDFQK,1525739776,sp|P02647|APOA1_HUMAN,OT_1-7_4,Apolipoprotein A-I OS=Homo sapiens OX=9606 GN=APOA1 PE=1 SV=1
AELQEGAR,753612608,sp|P02647|APOA1_HUMAN,OT_1-7_4,Apolipoprotein A-I OS=Homo sapiens OX=9606 GN=APOA1 PE=1 SV=1
LAEYHAK,371268608,sp|P02647|APOA1_HUMAN,OT_1-7_4,Apolipoprotein A-I OS=Homo sapiens OX=9606 GN=APOA1 PE=1 SV=1
VSFLSALEEYTK,833754304,sp|P02647|APOA1_HUMAN,OT_1-7_4,Apolipoprotein A-I OS=Homo sapiens OX=9606 GN=APOA1 PE=1 SV=1
AYSDLSR,51140032,sp|P02743|SAMP_HUMAN,OT_1-7_4,Serum amyloid P-component OS=Homo sapiens OX=9606 GN=APCS PE=1 SV=2
DNELLVYK,54924016,sp|P02743|SAMP_HUMAN,OT_1-7_4,Serum amyloid P-component OS=Homo sapiens OX=9606 GN=APCS PE=1 SV=2
VGEYSLYIGR,91321784,sp|P02743|SAMP_HUMAN,OT_1-7_4,Serum amyloid P-component OS=Homo sapiens OX=9606 GN=APCS PE=1 SV=2
QGYFVEAQPK,90571128,sp|P02743|SAMP_HUMAN,OT_1-7_4,Serum amyloid P-component OS=Homo sapiens OX=9606 GN=APCS PE=1 SV=2
GYVIIKPLVWV,73708368,sp|P02743|SAMP_HUMAN,OT_1-7_4,Serum amyloid P-component OS=Homo sapiens OX=9606 GN=APCS PE=1 SV=2
VVEESELAR,60184988,sp|P02748|CO9_HUMAN,OT_1-7_4,Complement component C9 OS=Homo sapiens OX=9606 GN=C9 PE=1 SV=2
DVVLTTTFVDDIK,30287106,sp|P02748|CO9_HUMAN,OT_1-7_4,Complement component C9 OS=Homo sapiens OX=9606 GN=C9 PE=1 SV=2
LSPIYNLVPVK,88264560,sp|P02748|CO9_HUMAN,OT_1-7_4,Complement component C9 OS=Homo sapiens OX=9606 GN=C9 PE=1 SV=2
TCPKPDDLPFSTVVPLK,16725757,sp|P02749|APOH_HUMAN,OT_1-7_4,Beta-2-glycoprotein 1 OS=Homo sapiens OX=9606 GN=APOH PE=1 SV=3
TFYEPGEEITYSCK,15938134,sp|P02749|APOH_HUMAN,OT_1-7_4,Beta-2-glycoprotein 1 OS=Homo sapiens OX=9606 GN=APOH PE=1 SV=3
VCPFAGILENGAVR,141406288,sp|P02749|APOH_HUMAN,OT_1-7_4,Beta-2-glycoprotein 1 OS=Homo sapiens OX=9606 GN=APOH PE=1 SV=3
ATVVYQGER,234074656,sp|P02749|APOH_HUMAN,OT_1-7_4,Beta-2-glycoprotein 1 OS=Homo sapiens OX=9606 GN=APOH PE=1 SV=3
TDASDVKPC,119055056,sp|P02749|APOH_HUMAN,OT_1-7_4,Beta-2-glycoprotein 1 OS=Homo sapiens OX=9606 GN=APOH PE=1 SV=3
DLLLPQPDLR,44597496,sp|P02750|A2GL_HUMAN,OT_1-7_4,Leucine-rich alpha-2-glycoprotein OS=Homo sapiens OX=9606 GN=LRG1 PE=1 SV=2
VAAGAFQGLR,37036540,sp|P02750|A2GL_HUMAN,OT_1-7_4,Leucine-rich alpha-2-glycoprotein OS=Homo sapiens OX=9606 GN=LRG1 PE=1 SV=2
TFYSCTTEGR,42407904,sp|P02751|FINC_HUMAN,OT_1-7_4,Fibronectin OS=Homo sapiens OX=9606 GN=FN1 PE=1 SV=4
DLQFVEVTDVK,44084888,sp|P02751|FINC_HUMAN,OT_1-7_4,Fibronectin OS=Homo sapiens OX=9606 GN=FN1 PE=1 SV=4
STTPDITGYR,72361520,sp|P02751|FINC_HUMAN,OT_1-7_4,Fibronectin OS=Homo sapiens OX=9606 GN=FN1 PE=1 SV=4
EESPLLIGQQSTVSDVPR,2384131,sp|P02751|FINC_HUMAN,OT_1-7_4,Fibronectin OS=Homo sapiens OX=9606 GN=FN1 PE=1 SV=4
TEIDKPSQMQVTDVQDNSISVK,30622800,sp|P02751|FINC_HUMAN,OT_1-7_4,Fibronectin OS=Homo sapiens OX=9606 GN=FN1 PE=1 SV=4
WLPSSSPVTGYR,121547456,sp|P02751|FINC_HUMAN,OT_1-7_4,Fibronectin OS=Homo sapiens OX=9606 GN=FN1 PE=1 SV=4
WYNLAIGSTCPWLK,20880192,sp|P02760|AMBP_HUMAN,OT_1-7_4,Protein AMBP OS=Homo sapiens OX=9606 GN=AMBP PE=1 SV=1
GVCEETSGAYEK,30949172,sp|P02760|AMBP_HUMAN,OT_1-7_4,Protein AMBP OS=Homo sapiens OX=9606 GN=AMBP PE=1 SV=1
ECLQTCR,30561144,sp|P02760|AMBP_HUMAN,OT_1-7_4,Protein AMBP OS=Homo sapiens OX=9606 GN=AMBP PE=1 SV=1
TVAACNLPIVR,377202944,sp|P02760|AMBP_HUMAN,OT_1-7_4,Protein AMBP OS=Homo sapiens OX=9606 GN=AMBP PE=1 SV=1
EYCGVPGDGDEELLR,266650544,sp|P02760|AMBP_HUMAN,OT_1-7_4,Protein AMBP OS=Homo sapiens OX=9606 GN=AMBP PE=1 SV=1
VSSVEECQK,3816857,sp|P03952|KLKB1_HUMAN,OT_1-7_4,Plasma kallikrein OS=Homo sapiens OX=9606 GN=KLKB1 PE=1 SV=1
YSPGGTPTAIK,18264368,sp|P03952|KLKB1_HUMAN,OT_1-7_4,Plasma kallikrein OS=Homo sapiens OX=9606 GN=KLKB1 PE=1 SV=1
IAYGTQGSSGYSLR,36689096,sp|P03952|KLKB1_HUMAN,OT_1-7_4,Plasma kallikrein OS=Homo sapiens OX=9606 GN=KLKB1 PE=1 SV=1
LCNTGDNSVCTTK,11110459,sp|P03952|KLKB1_HUMAN,OT_1-7_4,Plasma kallikrein OS=Homo sapiens OX=9606 GN=KLKB1 PE=1 SV=1
YTCLPGYVR,206580432,sp|P04003|C4BPA_HUMAN,OT_1-7_4,C4b-binding protein alpha chain OS=Homo sapiens OX=9606 GN=C4BPA PE=1 SV=2
GSSVIHCDADSK,35258332,sp|P04003|C4BPA_HUMAN,OT_1-7_4,C4b-binding protein alpha chain OS=Homo sapiens OX=9606 GN=C4BPA PE=1 SV=2
EDVYVVGTVLR,86318112,sp|P04003|C4BPA_HUMAN,OT_1-7_4,C4b-binding protein alpha chain OS=Homo sapiens OX=9606 GN=C4BPA PE=1 SV=2
TWYPEVPK,115267128,sp|P04003|C4BPA_HUMAN,OT_1-7_4,C4b-binding protein alpha chain OS=Homo sapiens OX=9606 GN=C4BPA PE=1 SV=2
DGYLFQLLR,157550000,sp|P04196|HRG_HUMAN,OT_1-7_4,Histidine-rich glycoprotein OS=Homo sapiens OX=9606 GN=HRG PE=1 SV=1
RPSEIVIGQCK,20029124,sp|P04196|HRG_HUMAN,OT_1-7_4,Histidine-rich glycoprotein OS=Homo sapiens OX=9606 GN=HRG PE=1 SV=1
GGEGTGYFVDFSVR,14300618,sp|P04196|HRG_HUMAN,OT_1-7_4,Histidine-rich glycoprotein OS=Homo sapiens OX=9606 GN=HRG PE=1 SV=1
HPNVFGFCR,83999496,sp|P04196|HRG_HUMAN,OT_1-7_4,Histidine-rich glycoprotein OS=Homo sapiens OX=9606 GN=HRG PE=1 SV=1
ADLFYDVEALDLESPK,15660853,sp|P04196|HRG_HUMAN,OT_1-7_4,Histidine-rich glycoprotein OS=Homo sapiens OX=9606 GN=HRG PE=1 SV=1
NGVAQEPVHLDSPAIK,14407750,sp|P04217|A1BG_HUMAN,OT_1-7_4,Alpha-1B-glycoprotein OS=Homo sapiens OX=9606 GN=A1BG PE=1 SV=4
SGLSTGWTQLSK,131708728,sp|P04217|A1BG_HUMAN,OT_1-7_4,Alpha-1B-glycoprotein OS=Homo sapiens OX=9606 GN=A1BG PE=1 SV=4
CLAPLEGAR,378188416,sp|P04217|A1BG_HUMAN,OT_1-7_4,Alpha-1B-glycoprotein OS=Homo sapiens OX=9606 GN=A1BG PE=1 SV=4
CEGPIPDVTFELLR,237060000,sp|P04217|A1BG_HUMAN,OT_1-7_4,Alpha-1B-glycoprotein OS=Homo sapiens OX=9606 GN=A1BG PE=1 SV=4
TPGAAANLELIFVGPQHAGNYR,230062944,sp|P04217|A1BG_HUMAN,OT_1-7_4,Alpha-1B-glycoprotein OS=Homo sapiens OX=9606 GN=A1BG PE=1 SV=4
YEELQITAGR,95980648,sp|P04259|K2C6B_HUMAN,OT_1-7_4,"Keratin, type II cytoskeletal 6B OS=Homo sapiens OX=9606 GN=KRT6B PE=1 SV=5"
CPNPPVQENFDVNK,62335880,sp|P05090|APOD_HUMAN,OT_1-7_4,Apolipoprotein D OS=Homo sapiens OX=9606 GN=APOD PE=1 SV=1
IPTTFENGR,86338336,sp|P05090|APOD_HUMAN,OT_1-7_4,Apolipoprotein D OS=Homo sapiens OX=9606 GN=APOD PE=1 SV=1
VLNQELR,118321768,sp|P05090|APOD_HUMAN,OT_1-7_4,Apolipoprotein D OS=Homo sapiens OX=9606 GN=APOD PE=1 SV=1
NILTSNNIDVK,110997048,sp|P05090|APOD_HUMAN,OT_1-7_4,Apolipoprotein D OS=Homo sapiens OX=9606 GN=APOD PE=1 SV=1
MTVTDQVNCPK,71445512,sp|P05090|APOD_HUMAN,OT_1-7_4,Apolipoprotein D OS=Homo sapiens OX=9606 GN=APOD PE=1 SV=1
VFCQPWQR,53675472,sp|P05156|CFAI_HUMAN,OT_1-7_4,Complement factor I OS=Homo sapiens OX=9606 GN=CFI PE=1 SV=2
CIEGTCVCK,19779088,sp|P05156|CFAI_HUMAN,OT_1-7_4,Complement factor I OS=Homo sapiens OX=9606 GN=CFI PE=1 SV=2
SFPTYCQQK,30059808,sp|P05156|CFAI_HUMAN,OT_1-7_4,Complement factor I OS=Homo sapiens OX=9606 GN=CFI PE=1 SV=2
GLETSLAECTFTK,41668700,sp|P05156|CFAI_HUMAN,OT_1-7_4,Complement factor I OS=Homo sapiens OX=9606 GN=CFI PE=1 SV=2
IVIEYVDR,37698604,sp|P05156|CFAI_HUMAN,OT_1-7_4,Complement factor I OS=Homo sapiens OX=9606 GN=CFI PE=1 SV=2
VFSLQWGEVK,56180888,sp|P05156|CFAI_HUMAN,OT_1-7_4,Complement factor I OS=Homo sapiens OX=9606 GN=CFI PE=1 SV=2
LDTLAQEVALLK,11736405,sp|P05452|TETN_HUMAN,OT_1-7_4,Tetranectin OS=Homo sapiens OX=9606 GN=CLEC3B PE=1 SV=3
YEITTIHNLFR,5608310,sp|P05546|HEP2_HUMAN,OT_1-7_4,Heparin cofactor 2 OS=Homo sapiens OX=9606 GN=SERPIND1 PE=1 SV=3
SVNDLYIQK,60094960,sp|P05546|HEP2_HUMAN,OT_1-7_4,Heparin cofactor 2 OS=Homo sapiens OX=9606 GN=SERPIND1 PE=1 SV=3
TLEAQLTPR,148918144,sp|P05546|HEP2_HUMAN,OT_1-7_4,Heparin cofactor 2 OS=Homo sapiens OX=9606 GN=SERPIND1 PE=1 SV=3
IFFPGVSEFGK,9477922,sp|P06276|CHLE_HUMAN,OT_1-7_4,Cholinesterase OS=Homo sapiens OX=9606 GN=BCHE PE=1 SV=1
DIVMTQSPDSLAVSLGER,396310848,sp|P06312|KV401_HUMAN,OT_1-7_4,Immunoglobulin kappa variable 4-1 OS=Homo sapiens OX=9606 GN=IGKV4-1 PE=1 SV=1
NYLAWYQQKPGQPPK,52516904,sp|P06312|KV401_HUMAN,OT_1-7_4,Immunoglobulin kappa variable 4-1 OS=Homo sapiens OX=9606 GN=IGKV4-1 PE=1 SV=1
YIETDPANR,29338364,sp|P06396|GELS_HUMAN,OT_1-7_4,Gelsolin OS=Homo sapiens OX=9606 GN=GSN PE=1 SV=1
HAIILLTDGK,15109854,sp|P06681|CO2_HUMAN,OT_1-7_4,Complement C2 OS=Homo sapiens OX=9606 GN=C2 PE=1 SV=2
HAFILQDTK,15560402,sp|P06681|CO2_HUMAN,OT_1-7_4,Complement C2 OS=Homo sapiens OX=9606 GN=C2 PE=1 SV=2
AIDEDCSQYEPIPGSQK,13287167,sp|P07357|CO8A_HUMAN,OT_1-7_4,Complement component C8 alpha chain OS=Homo sapiens OX=9606 GN=C8A PE=1 SV=2
MESLGITSR,27882444,sp|P07357|CO8A_HUMAN,OT_1-7_4,Complement component C8 alpha chain OS=Homo sapiens OX=9606 GN=C8A PE=1 SV=2
HTSLGPLEAK,19180300,sp|P07357|CO8A_HUMAN,OT_1-7_4,Complement component C8 alpha chain OS=Homo sapiens OX=9606 GN=C8A PE=1 SV=2
ALDQYLMEFNACR,5317531,sp|P07357|CO8A_HUMAN,OT_1-7_4,Complement component C8 alpha chain OS=Homo sapiens OX=9606 GN=C8A PE=1 SV=2
LGSLGAACEQTQTEGAK,9731045,sp|P07357|CO8A_HUMAN,OT_1-7_4,Complement component C8 alpha chain OS=Homo sapiens OX=9606 GN=C8A PE=1 SV=2
CEGFVCAQTGR,35568420,sp|P07358|CO8B_HUMAN,OT_1-7_4,Complement component C8 beta chain OS=Homo sapiens OX=9606 GN=C8B PE=1 SV=3
SDLEVAHYK,11184251,sp|P07358|CO8B_HUMAN,OT_1-7_4,Complement component C8 beta chain OS=Homo sapiens OX=9606 GN=C8B PE=1 SV=3
LPLEYSYGEYR,17612446,sp|P07358|CO8B_HUMAN,OT_1-7_4,Complement component C8 beta chain OS=Homo sapiens OX=9606 GN=C8B PE=1 SV=3
QLYGDTGVLGR,24934090,sp|P07360|CO8G_HUMAN,OT_1-7_4,Complement component C8 gamma chain OS=Homo sapiens OX=9606 GN=C8G PE=1 SV=3
SLPVSDSVLSGFEQR,42320864,sp|P07360|CO8G_HUMAN,OT_1-7_4,Complement component C8 gamma chain OS=Homo sapiens OX=9606 GN=C8G PE=1 SV=3
VQEAHLTEDQIFYFPK,34896168,sp|P07360|CO8G_HUMAN,OT_1-7_4,Complement component C8 gamma chain OS=Homo sapiens OX=9606 GN=C8G PE=1 SV=3
GTWTQPFDLASTR,9296774,sp|P08185|CBG_HUMAN,OT_1-7_4,Corticosteroid-binding globulin OS=Homo sapiens OX=9606 GN=SERPINA6 PE=1 SV=1
WSAGLTSSQVDLYIPK,21644628,sp|P08185|CBG_HUMAN,OT_1-7_4,Corticosteroid-binding globulin OS=Homo sapiens OX=9606 GN=SERPINA6 PE=1 SV=1
ITQDAQLK,20988074,sp|P08185|CBG_HUMAN,OT_1-7_4,Corticosteroid-binding globulin OS=Homo sapiens OX=9606 GN=SERPINA6 PE=1 SV=1
VLDLSCNR,6126834,sp|P08571|CD14_HUMAN,OT_1-7_4,Monocyte differentiation antigen CD14 OS=Homo sapiens OX=9606 GN=CD14 PE=1 SV=2
FVCNSGYK,28074140,sp|P08603|CFAH_HUMAN,OT_1-7_4,Complement factor H OS=Homo sapiens OX=9606 GN=CFH PE=1 SV=4
SCDNPYIPNGDYSPLR,118572640,sp|P08603|CFAH_HUMAN,OT_1-7_4,Complement factor H OS=Homo sapiens OX=9606 GN=CFH PE=1 SV=4
IDVHLVPDR,47998860,sp|P08603|CFAH_HUMAN,OT_1-7_4,Complement factor H OS=Homo sapiens OX=9606 GN=CFH PE=1 SV=4
LSYTCEGGFR,151535088,sp|P08603|CFAH_HUMAN,OT_1-7_4,Complement factor H OS=Homo sapiens OX=9606 GN=CFH PE=1 SV=4
SSNNPHSPIVEEFQVPYNK,26089364,sp|P09871|C1S_HUMAN,OT_1-7_4,Complement C1s subcomponent OS=Homo sapiens OX=9606 GN=C1S PE=1 SV=1
SDFSNEER,12904125,sp|P09871|C1S_HUMAN,OT_1-7_4,Complement C1s subcomponent OS=Homo sapiens OX=9606 GN=C1S PE=1 SV=1
YHGDPMPCPK,7520773,sp|P09871|C1S_HUMAN,OT_1-7_4,Complement C1s subcomponent OS=Homo sapiens OX=9606 GN=C1S PE=1 SV=1
LLEVPEGR,77183496,sp|P09871|C1S_HUMAN,OT_1-7_4,Complement C1s subcomponent OS=Homo sapiens OX=9606 GN=C1S PE=1 SV=1
TNFDNDIALVR,72578504,sp|P09871|C1S_HUMAN,OT_1-7_4,Complement C1s subcomponent OS=Homo sapiens OX=9606 GN=C1S PE=1 SV=1
GSSTWLTAFVLK,41854248,sp|P0C0L5|CO4B_HUMAN,OT_1-7_4,Complement C4-B OS=Homo sapiens OX=9606 GN=C4B_2 PE=1 SV=2
AGVETTTPSK,1846706944,sp|P0DOY2|IGLC2_HUMAN,OT_1-7_4,Immunoglobulin lambda constant 2 OS=Homo sapiens OX=9606 GN=IGLC2 PE=1 SV=1
SSGWHFVVK,7935994,sp|P10643|CO7_HUMAN,OT_1-7_4,Complement component C7 OS=Homo sapiens OX=9606 GN=C7 PE=1 SV=2
LTPLYELVK,24190140,sp|P10643|CO7_HUMAN,OT_1-7_4,Complement component C7 OS=Homo sapiens OX=9606 GN=C7 PE=1 SV=2
GEVLDNSFTGGICK,24689464,sp|P13671|CO6_HUMAN,OT_1-7_4,Complement component C6 OS=Homo sapiens OX=9606 GN=C6 PE=1 SV=3
TFSEWLESVK,6514971,sp|P13671|CO6_HUMAN,OT_1-7_4,Complement component C6 OS=Homo sapiens OX=9606 GN=C6 PE=1 SV=3
ECNNPAPQR,7061849,sp|P13671|CO6_HUMAN,OT_1-7_4,Complement component C6 OS=Homo sapiens OX=9606 GN=C6 PE=1 SV=3
VQNECPGITR,4833926,sp|P15169|CBPN_HUMAN,OT_1-7_4,Carboxypeptidase N catalytic chain OS=Homo sapiens OX=9606 GN=CPN1 PE=1 SV=1
LTVLSQPK,449056704,sp|P15814|IGLL1_HUMAN,OT_1-7_4,Immunoglobulin lambda-like polypeptide 1 OS=Homo sapiens OX=9606 GN=IGLL1 PE=1 SV=1
YAASSYLSLTPEQWR,20415210,sp|P15814|IGLL1_HUMAN,OT_1-7_4,Immunoglobulin lambda-like polypeptide 1 OS=Homo sapiens OX=9606 GN=IGLL1 PE=1 SV=1
MATTMIQSK,65605936,sp|P19823|ITIH2_HUMAN,OT_1-7_4,Inter-alpha-trypsin inhibitor heavy chain H2 OS=Homo sapiens OX=9606 GN=ITIH2 PE=1 SV=2
TEVNVLPGAK,168579808,sp|P19823|ITIH2_HUMAN,OT_1-7_4,Inter-alpha-trypsin inhibitor heavy chain H2 OS=Homo sapiens OX=9606 GN=ITIH2 PE=1 SV=2
ETAVDGELVVLYDVK,27203484,sp|P19823|ITIH2_HUMAN,OT_1-7_4,Inter-alpha-trypsin inhibitor heavy chain H2 OS=Homo sapiens OX=9606 GN=ITIH2 PE=1 SV=2
AEDHFSVIDFNQNIR,10774742,sp|P19823|ITIH2_HUMAN,OT_1-7_4,Inter-alpha-trypsin inhibitor heavy chain H2 OS=Homo sapiens OX=9606 GN=ITIH2 PE=1 SV=2
IQPSGGTNINEALLR,85425104,sp|P19823|ITIH2_HUMAN,OT_1-7_4,Inter-alpha-trypsin inhibitor heavy chain H2 OS=Homo sapiens OX=9606 GN=ITIH2 PE=1 SV=2
HADPDFTR,44649324,sp|P19823|ITIH2_HUMAN,OT_1-7_4,Inter-alpha-trypsin inhibitor heavy chain H2 OS=Homo sapiens OX=9606 GN=ITIH2 PE=1 SV=2
TMEQFTIHLTVNPQSK,42918372,sp|P19827|ITIH1_HUMAN,OT_1-7_4,Inter-alpha-trypsin inhibitor heavy chain H1 OS=Homo sapiens OX=9606 GN=ITIH1 PE=1 SV=3
NHMQYEIVIK,33409304,sp|P19827|ITIH1_HUMAN,OT_1-7_4,Inter-alpha-trypsin inhibitor heavy chain H1 OS=Homo sapiens OX=9606 GN=ITIH1 PE=1 SV=3
LDAQASFLPK,120940272,sp|P19827|ITIH1_HUMAN,OT_1-7_4,Inter-alpha-trypsin inhibitor heavy chain H1 OS=Homo sapiens OX=9606 GN=ITIH1 PE=1 SV=3
VTYDVSR,47840844,sp|P19827|ITIH1_HUMAN,OT_1-7_4,Inter-alpha-trypsin inhibitor heavy chain H1 OS=Homo sapiens OX=9606 GN=ITIH1 PE=1 SV=3
GSLVQASEANLQAAQDFVR,36350064,sp|P19827|ITIH1_HUMAN,OT_1-7_4,Inter-alpha-trypsin inhibitor heavy chain H1 OS=Homo sapiens OX=9606 GN=ITIH1 PE=1 SV=3
GSFALSFPVESDVAPIAR,17225696,sp|P20742|PZP_HUMAN,OT_1-7_4,Pregnancy zone protein OS=Homo sapiens OX=9606 GN=PZP PE=1 SV=4
TLLVEAEGIEQEK,23269086,sp|P20742|PZP_HUMAN,OT_1-7_4,Pregnancy zone protein OS=Homo sapiens OX=9606 GN=PZP PE=1 SV=4
SQCLEDHTWAPPFPICK,24555748,sp|P20851|C4BPB_HUMAN,OT_1-7_4,C4b-binding protein beta chain OS=Homo sapiens OX=9606 GN=C4BPB PE=1 SV=1
LIQEAPKPECEK,13614502,sp|P20851|C4BPB_HUMAN,OT_1-7_4,C4b-binding protein beta chain OS=Homo sapiens OX=9606 GN=C4BPB PE=1 SV=1
QEPGENSEILPTLK,3641668,sp|P22352|GPX3_HUMAN,OT_1-7_4,Glutathione peroxidase 3 OS=Homo sapiens OX=9606 GN=GPX3 PE=1 SV=2
NSCPPTSELLGTSDR,6943769,sp|P22352|GPX3_HUMAN,OT_1-7_4,Glutathione peroxidase 3 OS=Homo sapiens OX=9606 GN=GPX3 PE=1 SV=2
NIIFVETSFTTLETR,13664108,sp|P22792|CPN2_HUMAN,OT_1-7_4,Carboxypeptidase N subunit 2 OS=Homo sapiens OX=9606 GN=CPN2 PE=1 SV=3
LSNNALSGLPQGVFGK,20670126,sp|P22792|CPN2_HUMAN,OT_1-7_4,Carboxypeptidase N subunit 2 OS=Homo sapiens OX=9606 GN=CPN2 PE=1 SV=3
GQVVPALNEK,25275684,sp|P22792|CPN2_HUMAN,OT_1-7_4,Carboxypeptidase N subunit 2 OS=Homo sapiens OX=9606 GN=CPN2 PE=1 SV=3
AGGSWDLAVQER,33791712,sp|P22792|CPN2_HUMAN,OT_1-7_4,Carboxypeptidase N subunit 2 OS=Homo sapiens OX=9606 GN=CPN2 PE=1 SV=3
SQCTYSNPEGTVVLACDQAQCR,19527856,sp|P22792|CPN2_HUMAN,OT_1-7_4,Carboxypeptidase N subunit 2 OS=Homo sapiens OX=9606 GN=CPN2 PE=1 SV=3
DTSISTAYMELSR,23279236,sp|P23083|HV102_HUMAN,OT_1-7_4,Immunoglobulin heavy variable 1-2 OS=Homo sapiens OX=9606 GN=IGHV1-2 PE=1 SV=2
TGYYFDGISR,21485532,sp|P23142|FBLN1_HUMAN,OT_1-7_4,Fibulin-1 OS=Homo sapiens OX=9606 GN=FBLN1 PE=1 SV=4
MCVDVNECQR,12848837,sp|P23142|FBLN1_HUMAN,OT_1-7_4,Fibulin-1 OS=Homo sapiens OX=9606 GN=FBLN1 PE=1 SV=4
YMDGMTVGVVR,2529112,sp|P23142|FBLN1_HUMAN,OT_1-7_4,Fibulin-1 OS=Homo sapiens OX=9606 GN=FBLN1 PE=1 SV=4
YSLTYIYTGLSK,73986840,sp|P25311|ZA2G_HUMAN,OT_1-7_4,Zinc-alpha-2-glycoprotein OS=Homo sapiens OX=9606 GN=AZGP1 PE=1 SV=2
QVEGMEDWK,4925614,sp|P25311|ZA2G_HUMAN,OT_1-7_4,Zinc-alpha-2-glycoprotein OS=Homo sapiens OX=9606 GN=AZGP1 PE=1 SV=2
QDPPSVVVTSHQAPGEK,17478298,sp|P25311|ZA2G_HUMAN,OT_1-7_4,Zinc-alpha-2-glycoprotein OS=Homo sapiens OX=9606 GN=AZGP1 PE=1 SV=2
AGEVQEPELR,108625616,sp|P25311|ZA2G_HUMAN,OT_1-7_4,Zinc-alpha-2-glycoprotein OS=Homo sapiens OX=9606 GN=AZGP1 PE=1 SV=2
EIEEVLTPEMLMR,10679916,sp|P29622|KAIN_HUMAN,OT_1-7_4,Kallistatin OS=Homo sapiens OX=9606 GN=SERPINA4 PE=1 SV=3
WADLSGITK,10422436,sp|P29622|KAIN_HUMAN,OT_1-7_4,Kallistatin OS=Homo sapiens OX=9606 GN=SERPINA4 PE=1 SV=3
ANVFVQLPR,18477672,sp|P35858|ALS_HUMAN,OT_1-7_4,Insulin-like growth factor-binding protein complex acid labile subunit OS=Homo sapiens OX=9606 GN=IGFALS PE=1 SV=1
LEYLLLSR,7546025,sp|P35858|ALS_HUMAN,OT_1-7_4,Insulin-like growth factor-binding protein complex acid labile subunit OS=Homo sapiens OX=9606 GN=IGFALS PE=1 SV=1
LAELPADALGPLQR,38315596,sp|P35858|ALS_HUMAN,OT_1-7_4,Insulin-like growth factor-binding protein complex acid labile subunit OS=Homo sapiens OX=9606 GN=IGFALS PE=1 SV=1
DFALQNPSAVPR,13122082,sp|P35858|ALS_HUMAN,OT_1-7_4,Insulin-like growth factor-binding protein complex acid labile subunit OS=Homo sapiens OX=9606 GN=IGFALS PE=1 SV=1
LQNNENNISCVER,8060723,sp|P36980|FHR2_HUMAN,OT_1-7_4,Complement factor H-related protein 2 OS=Homo sapiens OX=9606 GN=CFHR2 PE=1 SV=1
DMPASEDLQDLQK,6559522,sp|P49908|SEPP1_HUMAN,OT_1-7_4,Selenoprotein P OS=Homo sapiens OX=9606 GN=SELENOP PE=1 SV=3
LPTDSELAPR,16711717,sp|P49908|SEPP1_HUMAN,OT_1-7_4,Selenoprotein P OS=Homo sapiens OX=9606 GN=SELENOP PE=1 SV=3
VNVDEVGGEALGR,83122872,sp|P68871|HBB_HUMAN,OT_1-7_4,Hemoglobin subunit beta OS=Homo sapiens OX=9606 GN=HBB PE=1 SV=2
LLGNVLVCVLAHHFGK,11405197,sp|P68871|HBB_HUMAN,OT_1-7_4,Hemoglobin subunit beta OS=Homo sapiens OX=9606 GN=HBB PE=1 SV=2
EFTPPVQAAYQK,17564246,sp|P68871|HBB_HUMAN,OT_1-7_4,Hemoglobin subunit beta OS=Homo sapiens OX=9606 GN=HBB PE=1 SV=2
ILEGFQPSGR,7848416,sp|P80108|PHLD_HUMAN,OT_1-7_4,Phosphatidylinositol-glycan-specific phospholipase D OS=Homo sapiens OX=9606 GN=GPLD1 PE=1 SV=3
IADVTSGLIGGEDGR,10115604,sp|P80108|PHLD_HUMAN,OT_1-7_4,Phosphatidylinositol-glycan-specific phospholipase D OS=Homo sapiens OX=9606 GN=GPLD1 PE=1 SV=3
ITCTEEGWSPTPK,23796104,sp|Q03591|FHR1_HUMAN,OT_1-7_4,Complement factor H-related protein 1 OS=Homo sapiens OX=9606 GN=CFHR1 PE=1 SV=2
GMTNINDGLLR,19307504,sp|Q06033|ITIH3_HUMAN,OT_1-7_4,Inter-alpha-trypsin inhibitor heavy chain H3 OS=Homo sapiens OX=9606 GN=ITIH3 PE=1 SV=2
LVDEDMNSFK,20439466,sp|Q06033|ITIH3_HUMAN,OT_1-7_4,Inter-alpha-trypsin inhibitor heavy chain H3 OS=Homo sapiens OX=9606 GN=ITIH3 PE=1 SV=2
DYIFGNYIER,10184058,sp|Q06033|ITIH3_HUMAN,OT_1-7_4,Inter-alpha-trypsin inhibitor heavy chain H3 OS=Homo sapiens OX=9606 GN=ITIH3 PE=1 SV=2
LIANTLCNSR,35080760,sp|Q14520|HABP2_HUMAN,OT_1-7_4,Hyaluronan-binding protein 2 OS=Homo sapiens OX=9606 GN=HABP2 PE=1 SV=1
ANTVQEATFQMELPK,32255636,sp|Q14624|ITIH4_HUMAN,OT_1-7_4,Inter-alpha-trypsin inhibitor heavy chain H4 OS=Homo sapiens OX=9606 GN=ITIH4 PE=1 SV=4
NMEQFQVSVSVAPNAK,53514668,sp|Q14624|ITIH4_HUMAN,OT_1-7_4,Inter-alpha-trypsin inhibitor heavy chain H4 OS=Homo sapiens OX=9606 GN=ITIH4 PE=1 SV=4
ILDDLSPR,193848880,sp|Q14624|ITIH4_HUMAN,OT_1-7_4,Inter-alpha-trypsin inhibitor heavy chain H4 OS=Homo sapiens OX=9606 GN=ITIH4 PE=1 SV=4
LALDNGGLAR,91997824,sp|Q14624|ITIH4_HUMAN,OT_1-7_4,Inter-alpha-trypsin inhibitor heavy chain H4 OS=Homo sapiens OX=9606 GN=ITIH4 PE=1 SV=4
ETLFSVMPGLK,45984016,sp|Q14624|ITIH4_HUMAN,OT_1-7_4,Inter-alpha-trypsin inhibitor heavy chain H4 OS=Homo sapiens OX=9606 GN=ITIH4 PE=1 SV=4
STVEIFK,47861700,sp|Q15166|PON3_HUMAN,OT_1-7_4,Serum paraoxonase/lactonase 3 OS=Homo sapiens OX=9606 GN=PON3 PE=1 SV=3
DTGTYGFLLPER,19438700,sp|Q96IY4|CBPB2_HUMAN,OT_1-7_4,Carboxypeptidase B2 OS=Homo sapiens OX=9606 GN=CPB2 PE=1 SV=2
GSQTQSHPDLGTEGCWDQLSAPR,43456868,sp|Q96PD5|PGRP2_HUMAN,OT_1-7_4,N-acetylmuramoyl-L-alanine amidase OS=Homo sapiens OX=9606 GN=PGLYRP2 PE=1 SV=1
PSLSHLLSQYYGAGVAR,52311324,sp|Q96PD5|PGRP2_HUMAN,OT_1-7_4,N-acetylmuramoyl-L-alanine amidase OS=Homo sapiens OX=9606 GN=PGLYRP2 PE=1 SV=1
EFTEAFLGCPAIHPR,26236928,sp|Q96PD5|PGRP2_HUMAN,OT_1-7_4,N-acetylmuramoyl-L-alanine amidase OS=Homo sapiens OX=9606 GN=PGLYRP2 PE=1 SV=1
GSEAINAPGDNPAK,6830597,sp|Q9NZP8|C1RL_HUMAN,OT_1-7_4,Complement C1r subcomponent-like protein OS=Homo sapiens OX=9606 GN=C1RL PE=1 SV=2
YFDTECVPMNFR,5351848,sp|Q9UK55|ZPI_HUMAN,OT_1-7_4,Protein Z-dependent protease inhibitor OS=Homo sapiens OX=9606 GN=SERPINA10 PE=1 SV=1
AEDTAVYYCAK,120747464,tr|A0A0J9YY99|A0A0J9YY99_HUMAN,OT_1-7_4,Ig-like domain-containing protein (Fragment) OS=Homo sapiens OX=9606 PE=1 SV=1
AFLLTPR,138744944,sp|O95445|APOM_HUMAN,OT_1-7_4,Apolipoprotein M OS=Homo sapiens OX=9606 GN=APOM PE=1 SV=2
ACIPTGPYPCGK,24901930,sp|P00742|FA10_HUMAN,OT_1-7_4,Coagulation factor X OS=Homo sapiens OX=9606 GN=F10 PE=1 SV=2
MLEVPYVDR,14061968,sp|P00742|FA10_HUMAN,OT_1-7_4,Coagulation factor X OS=Homo sapiens OX=9606 GN=F10 PE=1 SV=2
ELNQAGQETLVTGWGYHSSR,2657637,sp|P04070|PROC_HUMAN,OT_1-7_4,Vitamin K-dependent protein C OS=Homo sapiens OX=9606 GN=PROC PE=1 SV=1
ITLPDFTGDLR,22092984,sp|P18428|LBP_HUMAN,OT_1-7_4,Lipopolysaccharide-binding protein OS=Homo sapiens OX=9606 GN=LBP PE=1 SV=3
ENFVLTTAK,2932398,sp|P22891|PROZ_HUMAN,OT_1-7_4,Vitamin K-dependent protein Z OS=Homo sapiens OX=9606 GN=PROZ PE=1 SV=2
ALYLQYTDETFR,306753536,sp|P00450|CERU_HUMAN,OT_1-7_4,Ceruloplasmin OS=Homo sapiens OX=9606 GN=CP PE=1 SV=1
DIASGLIGPLIICK,378476352,sp|P00450|CERU_HUMAN,OT_1-7_4,Ceruloplasmin OS=Homo sapiens OX=9606 GN=CP PE=1 SV=1
EYTDASFTNR,110315752,sp|P00450|CERU_HUMAN,OT_1-7_4,Ceruloplasmin OS=Homo sapiens OX=9606 GN=CP PE=1 SV=1
GAYPLSIEPIGVR,571470144,sp|P00450|CERU_HUMAN,OT_1-7_4,Ceruloplasmin OS=Homo sapiens OX=9606 GN=CP PE=1 SV=1
SVPPSASHVAPTETFTYEWTVPK,159755712,sp|P00450|CERU_HUMAN,OT_1-7_4,Ceruloplasmin OS=Homo sapiens OX=9606 GN=CP PE=1 SV=1
EVGPTNADPVCLAK,381610976,sp|P00450|CERU_HUMAN,OT_1-7_4,Ceruloplasmin OS=Homo sapiens OX=9606 GN=CP PE=1 SV=1
YTACETAR,56894068,sp|P00734|THRB_HUMAN,OT_1-7_4,Prothrombin OS=Homo sapiens OX=9606 GN=F2 PE=1 SV=2
SGIECQLWR,187802736,sp|P00734|THRB_HUMAN,OT_1-7_4,Prothrombin OS=Homo sapiens OX=9606 GN=F2 PE=1 SV=2
LAVTTHGLPCLAWASAQAK,180105760,sp|P00734|THRB_HUMAN,OT_1-7_4,Prothrombin OS=Homo sapiens OX=9606 GN=F2 PE=1 SV=2
HQDFNSAVQLVENFCR,151920560,sp|P00734|THRB_HUMAN,OT_1-7_4,Prothrombin OS=Homo sapiens OX=9606 GN=F2 PE=1 SV=2
VTGWGNLK,59365092,sp|P00734|THRB_HUMAN,OT_1-7_4,Prothrombin OS=Homo sapiens OX=9606 GN=F2 PE=1 SV=2
GQPSVLQVVNLPIVERPVCK,173545952,sp|P00734|THRB_HUMAN,OT_1-7_4,Prothrombin OS=Homo sapiens OX=9606 GN=F2 PE=1 SV=2
NIGEFCGK,22504510,sp|P00736|C1R_HUMAN,OT_1-7_4,Complement C1r subcomponent OS=Homo sapiens OX=9606 GN=C1R PE=1 SV=2
DYFIATCK,14301984,sp|P00736|C1R_HUMAN,OT_1-7_4,Complement C1r subcomponent OS=Homo sapiens OX=9606 GN=C1R PE=1 SV=2
YTTTMGVNTYK,19450694,sp|P00736|C1R_HUMAN,OT_1-7_4,Complement C1r subcomponent OS=Homo sapiens OX=9606 GN=C1R PE=1 SV=2
GGGALLGDR,34674376,sp|P00736|C1R_HUMAN,OT_1-7_4,Complement C1r subcomponent OS=Homo sapiens OX=9606 GN=C1R PE=1 SV=2
LPVANPQACENWLR,49205196,sp|P00736|C1R_HUMAN,OT_1-7_4,Complement C1r subcomponent OS=Homo sapiens OX=9606 GN=C1R PE=1 SV=2
VLNYVDWIK,21108580,sp|P00736|C1R_HUMAN,OT_1-7_4,Complement C1r subcomponent OS=Homo sapiens OX=9606 GN=C1R PE=1 SV=2
GSFPWQAK,2244276224,sp|P00738|HPT_HUMAN,OT_1-7_4,Haptoglobin OS=Homo sapiens OX=9606 GN=HP PE=1 SV=1
VMPICLPSK,797448704,sp|P00738|HPT_HUMAN,OT_1-7_4,Haptoglobin OS=Homo sapiens OX=9606 GN=HP PE=1 SV=1
DYAEVGR,350076288,sp|P00738|HPT_HUMAN,OT_1-7_4,Haptoglobin OS=Homo sapiens OX=9606 GN=HP PE=1 SV=1
VGYVSGWGR,2825050368,sp|P00738|HPT_HUMAN,OT_1-7_4,Haptoglobin OS=Homo sapiens OX=9606 GN=HP PE=1 SV=1
SCAVAEYGVYVK,1894112000,sp|P00738|HPT_HUMAN,OT_1-7_4,Haptoglobin OS=Homo sapiens OX=9606 GN=HP PE=1 SV=1
VTSIQDWVQK,1252400256,sp|P00738|HPT_HUMAN,OT_1-7_4,Haptoglobin OS=Homo sapiens OX=9606 GN=HP PE=1 SV=1
VVCSCTEGYR,4484150,sp|P00740|FA9_HUMAN,OT_1-7_4,Coagulation factor IX OS=Homo sapiens OX=9606 GN=F9 PE=1 SV=2
SCEPAVPFPCGR,16234885,sp|P00740|FA9_HUMAN,OT_1-7_4,Coagulation factor IX OS=Homo sapiens OX=9606 GN=F9 PE=1 SV=2
SALVLQYLR,14881006,sp|P00740|FA9_HUMAN,OT_1-7_4,Coagulation factor IX OS=Homo sapiens OX=9606 GN=F9 PE=1 SV=2
WELCDIPR,159213584,sp|P00747|PLMN_HUMAN,OT_1-7_4,Plasminogen OS=Homo sapiens OX=9606 GN=PLG PE=1 SV=2
NPDADKGPWCFTTDPSVR,181732736,sp|P00747|PLMN_HUMAN,OT_1-7_4,Plasminogen OS=Homo sapiens OX=9606 GN=PLG PE=1 SV=2
HSIFTPETNPR,91873448,sp|P00747|PLMN_HUMAN,OT_1-7_4,Plasminogen OS=Homo sapiens OX=9606 GN=PLG PE=1 SV=2
LSSPAVITDK,98888264,sp|P00747|PLMN_HUMAN,OT_1-7_4,Plasminogen OS=Homo sapiens OX=9606 GN=PLG PE=1 SV=2
EAQLPVIENK,147125072,sp|P00747|PLMN_HUMAN,OT_1-7_4,Plasminogen OS=Homo sapiens OX=9606 GN=PLG PE=1 SV=2
FVTWIEGVMR,192941200,sp|P00747|PLMN_HUMAN,OT_1-7_4,Plasminogen OS=Homo sapiens OX=9606 GN=PLG PE=1 SV=2
LLQEGQALEYVCPSGFYPYPVQTR,241174832,sp|P00751|CFAB_HUMAN,OT_1-7_4,Complement factor B OS=Homo sapiens OX=9606 GN=CFB PE=1 SV=2
STGSWSTLK,126459472,sp|P00751|CFAB_HUMAN,OT_1-7_4,Complement factor B OS=Homo sapiens OX=9606 GN=CFB PE=1 SV=2
CLVNLIEK,108908256,sp|P00751|CFAB_HUMAN,OT_1-7_4,Complement factor B OS=Homo sapiens OX=9606 GN=CFB PE=1 SV=2
YGLVTYATYPK,249853424,sp|P00751|CFAB_HUMAN,OT_1-7_4,Complement factor B OS=Homo sapiens OX=9606 GN=CFB PE=1 SV=2
EAGIPEFYDYDVALIK,37524820,sp|P00751|CFAB_HUMAN,OT_1-7_4,Complement factor B OS=Homo sapiens OX=9606 GN=CFB PE=1 SV=2
DISEVVTPR,148181488,sp|P00751|CFAB_HUMAN,OT_1-7_4,Complement factor B OS=Homo sapiens OX=9606 GN=CFB PE=1 SV=2
ATEDEGSEQKIPEATNR,94374504,sp|P01008|ANT3_HUMAN,OT_1-7_4,Antithrombin-III OS=Homo sapiens OX=9606 GN=SERPINC1 PE=1 SV=1
TSDQIHFFFAK,81673592,sp|P01008|ANT3_HUMAN,OT_1-7_4,Antithrombin-III OS=Homo sapiens OX=9606 GN=SERPINC1 PE=1 SV=1
LQPLDFK,94405280,sp|P01008|ANT3_HUMAN,OT_1-7_4,Antithrombin-III OS=Homo sapiens OX=9606 GN=SERPINC1 PE=1 SV=1
VAEGTQVLELPFK,15587697,sp|P01008|ANT3_HUMAN,OT_1-7_4,Antithrombin-III OS=Homo sapiens OX=9606 GN=SERPINC1 PE=1 SV=1
GDDITMVLILPKPEK,13267359,sp|P01008|ANT3_HUMAN,OT_1-7_4,Antithrombin-III OS=Homo sapiens OX=9606 GN=SERPINC1 PE=1 SV=1
EVPLNTIIFMGR,92882080,sp|P01008|ANT3_HUMAN,OT_1-7_4,Antithrombin-III OS=Homo sapiens OX=9606 GN=SERPINC1 PE=1 SV=1
FLEDVKK,110541424,sp|P01009|A1AT_HUMAN,OT_1-7_4,Alpha-1-antitrypsin OS=Homo sapiens OX=9606 GN=SERPINA1 PE=1 SV=3
LQHLENELTHDIITK,114545600,sp|P01009|A1AT_HUMAN,OT_1-7_4,Alpha-1-antitrypsin OS=Homo sapiens OX=9606 GN=SERPINA1 PE=1 SV=3
LSITGTYDLK,1704059008,sp|P01009|A1AT_HUMAN,OT_1-7_4,Alpha-1-antitrypsin OS=Homo sapiens OX=9606 GN=SERPINA1 PE=1 SV=3
SVLGQLGITK,2775681536,sp|P01009|A1AT_HUMAN,OT_1-7_4,Alpha-1-antitrypsin OS=Homo sapiens OX=9606 GN=SERPINA1 PE=1 SV=3
AVLTIDEK,1017935232,sp|P01009|A1AT_HUMAN,OT_1-7_4,Alpha-1-antitrypsin OS=Homo sapiens OX=9606 GN=SERPINA1 PE=1 SV=3
GTEAAGAMFLEAIPMSIPPEVK,451300512,sp|P01009|A1AT_HUMAN,OT_1-7_4,Alpha-1-antitrypsin OS=Homo sapiens OX=9606 GN=SERPINA1 PE=1 SV=3
EQLSLLDR,258745424,sp|P01011|AACT_HUMAN,OT_1-7_4,Alpha-1-antichymotrypsin OS=Homo sapiens OX=9606 GN=SERPINA3 PE=1 SV=2
LYGSEAFATDFQDSAAAK,55899696,sp|P01011|AACT_HUMAN,OT_1-7_4,Alpha-1-antichymotrypsin OS=Homo sapiens OX=9606 GN=SERPINA3 PE=1 SV=2
EIGELYLPK,349188448,sp|P01011|AACT_HUMAN,OT_1-7_4,Alpha-1-antichymotrypsin OS=Homo sapiens OX=9606 GN=SERPINA3 PE=1 SV=2
ADLSGITGAR,380186592,sp|P01011|AACT_HUMAN,OT_1-7_4,Alpha-1-antichymotrypsin OS=Homo sapiens OX=9606 GN=SERPINA3 PE=1 SV=2
NLAVSQVVHK,298454048,sp|P01011|AACT_HUMAN,OT_1-7_4,Alpha-1-antichymotrypsin OS=Homo sapiens OX=9606 GN=SERPINA3 PE=1 SV=2
ITLLSALVETR,547592576,sp|P01011|AACT_HUMAN,OT_1-7_4,Alpha-1-antichymotrypsin OS=Homo sapiens OX=9606 GN=SERPINA3 PE=1 SV=2
TEHPFTVEEFVLPK,591166528,sp|P01023|A2MG_HUMAN,OT_1-7_4,Alpha-2-macroglobulin OS=Homo sapiens OX=9606 GN=A2M PE=1 SV=3
QGIPFFGQVR,1223709568,sp|P01023|A2MG_HUMAN,OT_1-7_4,Alpha-2-macroglobulin OS=Homo sapiens OX=9606 GN=A2M PE=1 SV=3
ATVLNYLPK,404489600,sp|P01023|A2MG_HUMAN,OT_1-7_4,Alpha-2-macroglobulin OS=Homo sapiens OX=9606 GN=A2M PE=1 SV=3
LPPNVVEESAR,789718400,sp|P01023|A2MG_HUMAN,OT_1-7_4,Alpha-2-macroglobulin OS=Homo sapiens OX=9606 GN=A2M PE=1 SV=3
AIGYLNTGYQR,998323008,sp|P01023|A2MG_HUMAN,OT_1-7_4,Alpha-2-macroglobulin OS=Homo sapiens OX=9606 GN=A2M PE=1 SV=3
MVSGFIPLKPTVK,662785024,sp|P01023|A2MG_HUMAN,OT_1-7_4,Alpha-2-macroglobulin OS=Homo sapiens OX=9606 GN=A2M PE=1 SV=3
IPIEDGSGEVVLSR,437889056,sp|P01024|CO3_HUMAN,OT_1-7_4,Complement C3 OS=Homo sapiens OX=9606 GN=C3 PE=1 SV=2
VVLVAVDK,595864896,sp|P01024|CO3_HUMAN,OT_1-7_4,Complement C3 OS=Homo sapiens OX=9606 GN=C3 PE=1 SV=2
FISLGEACK,284851648,sp|P01024|CO3_HUMAN,OT_1-7_4,Complement C3 OS=Homo sapiens OX=9606 GN=C3 PE=1 SV=2
VFLDCCNYITELR,89032976,sp|P01024|CO3_HUMAN,OT_1-7_4,Complement C3 OS=Homo sapiens OX=9606 GN=C3 PE=1 SV=2
EGVQKEDIPPADLSDQVPDTESETR,1306459136,sp|P01024|CO3_HUMAN,OT_1-7_4,Complement C3 OS=Homo sapiens OX=9606 GN=C3 PE=1 SV=2
TFISPIK,558955520,sp|P01024|CO3_HUMAN,OT_1-7_4,Complement C3 OS=Homo sapiens OX=9606 GN=C3 PE=1 SV=2
YVLSPYK,16522796,sp|P01031|CO5_HUMAN,OT_1-7_4,Complement C5 OS=Homo sapiens OX=9606 GN=C5 PE=1 SV=4
AFTECCVVASQLR,41584356,sp|P01031|CO5_HUMAN,OT_1-7_4,Complement C5 OS=Homo sapiens OX=9606 GN=C5 PE=1 SV=4
TLLPVSKPEIR,70099568,sp|P01031|CO5_HUMAN,OT_1-7_4,Complement C5 OS=Homo sapiens OX=9606 GN=C5 PE=1 SV=4
ESYSGVTLDPR,58555296,sp|P01031|CO5_HUMAN,OT_1-7_4,Complement C5 OS=Homo sapiens OX=9606 GN=C5 PE=1 SV=4
IPLDLVPK,60640264,sp|P01031|CO5_HUMAN,OT_1-7_4,Complement C5 OS=Homo sapiens OX=9606 GN=C5 PE=1 SV=4
LQGTLPVEAR,41473580,sp|P01031|CO5_HUMAN,OT_1-7_4,Complement C5 OS=Homo sapiens OX=9606 GN=C5 PE=1 SV=4
AVDAALKK,73912432,sp|P01042|KNG1_HUMAN,OT_1-7_4,Kininogen-1 OS=Homo sapiens OX=9606 GN=KNG1 PE=1 SV=2
EGDCPVQSGK,65885292,sp|P01042|KNG1_HUMAN,OT_1-7_4,Kininogen-1 OS=Homo sapiens OX=9606 GN=KNG1 PE=1 SV=2
TWQDCEYK,13621177,sp|P01042|KNG1_HUMAN,OT_1-7_4,Kininogen-1 OS=Homo sapiens OX=9606 GN=KNG1 PE=1 SV=2
QVVAGLNFR,329746784,sp|P01042|KNG1_HUMAN,OT_1-7_4,Kininogen-1 OS=Homo sapiens OX=9606 GN=KNG1 PE=1 SV=2
ENFLFLTPDCK,138815664,sp|P01042|KNG1_HUMAN,OT_1-7_4,Kininogen-1 OS=Homo sapiens OX=9606 GN=KNG1 PE=1 SV=2
YFIDFVAR,179869792,sp|P01042|KNG1_HUMAN,OT_1-7_4,Kininogen-1 OS=Homo sapiens OX=9606 GN=KNG1 PE=1 SV=2
GIVEECCFR,9220810,sp|P01344|IGF2_HUMAN,OT_1-7_4,Insulin-like growth factor II OS=Homo sapiens OX=9606 GN=IGF2 PE=1 SV=1
WELALGR,59135108,sp|P02649|APOE_HUMAN,OT_1-7_4,Apolipoprotein E OS=Homo sapiens OX=9606 GN=APOE PE=1 SV=1
SELEEQLTPVAEETR,20379918,sp|P02649|APOE_HUMAN,OT_1-7_4,Apolipoprotein E OS=Homo sapiens OX=9606 GN=APOE PE=1 SV=1
LAVYQAGAR,81935856,sp|P02649|APOE_HUMAN,OT_1-7_4,Apolipoprotein E OS=Homo sapiens OX=9606 GN=APOE PE=1 SV=1
LGPLVEQGR,123083656,sp|P02649|APOE_HUMAN,OT_1-7_4,Apolipoprotein E OS=Homo sapiens OX=9606 GN=APOE PE=1 SV=1
AATVGSLAGQPLQER,104031040,sp|P02649|APOE_HUMAN,OT_1-7_4,Apolipoprotein E OS=Homo sapiens OX=9606 GN=APOE PE=1 SV=1
LQAEAFQAR,94639504,sp|P02649|APOE_HUMAN,OT_1-7_4,Apolipoprotein E OS=Homo sapiens OX=9606 GN=APOE PE=1 SV=1
VKSPELQAEAK,234877456,sp|P02652|APOA2_HUMAN,OT_1-7_4,Apolipoprotein A-II OS=Homo sapiens OX=9606 GN=APOA2 PE=1 SV=1
SPELQAEAK,72639840,sp|P02652|APOA2_HUMAN,OT_1-7_4,Apolipoprotein A-II OS=Homo sapiens OX=9606 GN=APOA2 PE=1 SV=1
SKEQLTPLIK,139957712,sp|P02652|APOA2_HUMAN,OT_1-7_4,Apolipoprotein A-II OS=Homo sapiens OX=9606 GN=APOA2 PE=1 SV=1
EFGNTLEDK,18832250,sp|P02654|APOC1_HUMAN,OT_1-7_4,Apolipoprotein C-I OS=Homo sapiens OX=9606 GN=APOC1 PE=1 SV=1
EWFSETFQK,36493552,sp|P02654|APOC1_HUMAN,OT_1-7_4,Apolipoprotein C-I OS=Homo sapiens OX=9606 GN=APOC1 PE=1 SV=1
DALSSVQESQVAQQAR,35853276,sp|P02656|APOC3_HUMAN,OT_1-7_4,Apolipoprotein C-III OS=Homo sapiens OX=9606 GN=APOC3 PE=1 SV=1
GWVTDGFSSLK,140453024,sp|P02656|APOC3_HUMAN,OT_1-7_4,Apolipoprotein C-III OS=Homo sapiens OX=9606 GN=APOC3 PE=1 SV=1
DYWSTVK,47503896,sp|P02656|APOC3_HUMAN,OT_1-7_4,Apolipoprotein C-III OS=Homo sapiens OX=9606 GN=APOC3 PE=1 SV=1
VTSGSTTTTR,5951597,sp|P02671|FIBA_HUMAN,OT_1-7_4,Fibrinogen alpha chain OS=Homo sapiens OX=9606 GN=FGA PE=1 SV=2
TFPGFFSPMLGEFVSETESR,1646291,sp|P02671|FIBA_HUMAN,OT_1-7_4,Fibrinogen alpha chain OS=Homo sapiens OX=9606 GN=FGA PE=1 SV=2
GSESGIFTNTK,12169385,sp|P02671|FIBA_HUMAN,OT_1-7_4,Fibrinogen alpha chain OS=Homo sapiens OX=9606 GN=FGA PE=1 SV=2
ESSSHHPGIAEFPSR,7454814,sp|P02671|FIBA_HUMAN,OT_1-7_4,Fibrinogen alpha chain OS=Homo sapiens OX=9606 GN=FGA PE=1 SV=2
GYSIFSYATK,4885298,sp|P02741|CRP_HUMAN,OT_1-7_4,C-reactive protein OS=Homo sapiens OX=9606 GN=CRP PE=1 SV=1
SLGFCDTTNK,15793766,sp|P02745|C1QA_HUMAN,OT_1-7_4,Complement C1q subcomponent subunit A OS=Homo sapiens OX=9606 GN=C1QA PE=1 SV=2
KGHIYQGSEADSVFSGFLIFPSA,18820454,sp|P02745|C1QA_HUMAN,OT_1-7_4,Complement C1q subcomponent subunit A OS=Homo sapiens OX=9606 GN=C1QA PE=1 SV=2
GNLCVNLMR,74323760,sp|P02746|C1QB_HUMAN,OT_1-7_4,Complement C1q subcomponent subunit B OS=Homo sapiens OX=9606 GN=C1QB PE=1 SV=3
LEQGENVFLQATDK,24561540,sp|P02746|C1QB_HUMAN,OT_1-7_4,Complement C1q subcomponent subunit B OS=Homo sapiens OX=9606 GN=C1QB PE=1 SV=3
FQSVFTVTR,67165568,sp|P02747|C1QC_HUMAN,OT_1-7_4,Complement C1q subcomponent subunit C OS=Homo sapiens OX=9606 GN=C1QC PE=1 SV=3
QTHQPPAPNSLIR,84570040,sp|P02747|C1QC_HUMAN,OT_1-7_4,Complement C1q subcomponent subunit C OS=Homo sapiens OX=9606 GN=C1QC PE=1 SV=3
FNAVLTNPQGDYDTSTGK,60677172,sp|P02747|C1QC_HUMAN,OT_1-7_4,Complement C1q subcomponent subunit C OS=Homo sapiens OX=9606 GN=C1QC PE=1 SV=3
TNQVNSGGVLLR,51635308,sp|P02747|C1QC_HUMAN,OT_1-7_4,Complement C1q subcomponent subunit C OS=Homo sapiens OX=9606 GN=C1QC PE=1 SV=3
YWGVASFLQK,56102544,sp|P02753|RET4_HUMAN,OT_1-7_4,Retinol-binding protein 4 OS=Homo sapiens OX=9606 GN=RBP4 PE=1 SV=3
GNDDHWIVDTDYDTYAVQYSCR,56911972,sp|P02753|RET4_HUMAN,OT_1-7_4,Retinol-binding protein 4 OS=Homo sapiens OX=9606 GN=RBP4 PE=1 SV=3
LLNLDGTCADSYSFVFSR,32371242,sp|P02753|RET4_HUMAN,OT_1-7_4,Retinol-binding protein 4 OS=Homo sapiens OX=9606 GN=RBP4 PE=1 SV=3
LIVHNGYCDGR,25635710,sp|P02753|RET4_HUMAN,OT_1-7_4,Retinol-binding protein 4 OS=Homo sapiens OX=9606 GN=RBP4 PE=1 SV=3
WFYIASAFR,565287808,sp|P02763|A1AG1_HUMAN,OT_1-7_4,Alpha-1-acid glycoprotein 1 OS=Homo sapiens OX=9606 GN=ORM1 PE=1 SV=1
TEDTIFLR,126940496,sp|P02763|A1AG1_HUMAN,OT_1-7_4,Alpha-1-acid glycoprotein 1 OS=Homo sapiens OX=9606 GN=ORM1 PE=1 SV=1
TYMLAFDVNDEKNWGLSVYADKPETTK,89950168,sp|P02763|A1AG1_HUMAN,OT_1-7_4,Alpha-1-acid glycoprotein 1 OS=Homo sapiens OX=9606 GN=ORM1 PE=1 SV=1
TYMLAFDVNDEK,17957022,sp|P02763|A1AG1_HUMAN,OT_1-7_4,Alpha-1-acid glycoprotein 1 OS=Homo sapiens OX=9606 GN=ORM1 PE=1 SV=1
SDVVYTDWK,466068800,sp|P02763|A1AG1_HUMAN,OT_1-7_4,Alpha-1-acid glycoprotein 1 OS=Homo sapiens OX=9606 GN=ORM1 PE=1 SV=1
HTLNQIDEVK,125146552,sp|P02765|FETUA_HUMAN,OT_1-7_4,Alpha-2-HS-glycoprotein OS=Homo sapiens OX=9606 GN=AHSG PE=1 SV=2
EHAVEGDCDFQLLK,35306516,sp|P02765|FETUA_HUMAN,OT_1-7_4,Alpha-2-HS-glycoprotein OS=Homo sapiens OX=9606 GN=AHSG PE=1 SV=2
AQLVPLPPSTYVEFTVSGTDCVAK,511769792,sp|P02765|FETUA_HUMAN,OT_1-7_4,Alpha-2-HS-glycoprotein OS=Homo sapiens OX=9606 GN=AHSG PE=1 SV=2
CNLLAEK,273262976,sp|P02765|FETUA_HUMAN,OT_1-7_4,Alpha-2-HS-glycoprotein OS=Homo sapiens OX=9606 GN=AHSG PE=1 SV=2
GSPAINVAVHVFR,207481568,sp|P02766|TTHY_HUMAN,OT_1-7_4,Transthyretin OS=Homo sapiens OX=9606 GN=TTR PE=1 SV=1
KAADDTWEPFASGK,60635668,sp|P02766|TTHY_HUMAN,OT_1-7_4,Transthyretin OS=Homo sapiens OX=9606 GN=TTR PE=1 SV=1
AADDTWEPFASGK,306919168,sp|P02766|TTHY_HUMAN,OT_1-7_4,Transthyretin OS=Homo sapiens OX=9606 GN=TTR PE=1 SV=1
TSESGELHGLTTEEEFVEGIYKVEIDTK,205953040,sp|P02766|TTHY_HUMAN,OT_1-7_4,Transthyretin OS=Homo sapiens OX=9606 GN=TTR PE=1 SV=1
TSESGELHGLTTEEEFVEGIYK,59788356,sp|P02766|TTHY_HUMAN,OT_1-7_4,Transthyretin OS=Homo sapiens OX=9606 GN=TTR PE=1 SV=1
RYTIAALLSPYSYSTTAVVTNPKE,346895808,sp|P02766|TTHY_HUMAN,OT_1-7_4,Transthyretin OS=Homo sapiens OX=9606 GN=TTR PE=1 SV=1
LVNEVTEFAK,14327883776,sp|P02768|ALBU_HUMAN,OT_1-7_4,Serum albumin OS=Homo sapiens OX=9606 GN=ALB PE=1 SV=2
LCTVATLR,19421597696,sp|P02768|ALBU_HUMAN,OT_1-7_4,Serum albumin OS=Homo sapiens OX=9606 GN=ALB PE=1 SV=2
DDNPNLPR,4755896320,sp|P02768|ALBU_HUMAN,OT_1-7_4,Serum albumin OS=Homo sapiens OX=9606 GN=ALB PE=1 SV=2
AEFAEVSK,18953461760,sp|P02768|ALBU_HUMAN,OT_1-7_4,Serum albumin OS=Homo sapiens OX=9606 GN=ALB PE=1 SV=2
VFDEFKPLVEEPQNLIK,16306507776,sp|P02768|ALBU_HUMAN,OT_1-7_4,Serum albumin OS=Homo sapiens OX=9606 GN=ALB PE=1 SV=2
FQNALLVR,30951092224,sp|P02768|ALBU_HUMAN,OT_1-7_4,Serum albumin OS=Homo sapiens OX=9606 GN=ALB PE=1 SV=2
VCSQYAAYGEK,153166896,sp|P02774|VTDB_HUMAN,OT_1-7_4,Vitamin D-binding protein OS=Homo sapiens OX=9606 GN=GC PE=1 SV=2
DVCDPGNTK,47588956,sp|P02774|VTDB_HUMAN,OT_1-7_4,Vitamin D-binding protein OS=Homo sapiens OX=9606 GN=GC PE=1 SV=2
YTFELSR,99675584,sp|P02774|VTDB_HUMAN,OT_1-7_4,Vitamin D-binding protein OS=Homo sapiens OX=9606 GN=GC PE=1 SV=2
THLPEVFLSK,136856336,sp|P02774|VTDB_HUMAN,OT_1-7_4,Vitamin D-binding protein OS=Homo sapiens OX=9606 GN=GC PE=1 SV=2
VLEPTLK,260539184,sp|P02774|VTDB_HUMAN,OT_1-7_4,Vitamin D-binding protein OS=Homo sapiens OX=9606 GN=GC PE=1 SV=2
ELSSFIDK,67010780,sp|P02774|VTDB_HUMAN,OT_1-7_4,Vitamin D-binding protein OS=Homo sapiens OX=9606 GN=GC PE=1 SV=2
ASYLDCIR,1359296512,sp|P02787|TRFE_HUMAN,OT_1-7_4,Serotransferrin OS=Homo sapiens OX=9606 GN=TF PE=1 SV=3
DGAGDVAFVK,1264020992,sp|P02787|TRFE_HUMAN,OT_1-7_4,Serotransferrin OS=Homo sapiens OX=9606 GN=TF PE=1 SV=3
SASDLTWDNLK,1308181376,sp|P02787|TRFE_HUMAN,OT_1-7_4,Serotransferrin OS=Homo sapiens OX=9606 GN=TF PE=1 SV=3
FDEFFSEGCAPGSK,571299136,sp|P02787|TRFE_HUMAN,OT_1-7_4,Serotransferrin OS=Homo sapiens OX=9606 GN=TF PE=1 SV=3
EGYYGYTGAFR,1227015424,sp|P02787|TRFE_HUMAN,OT_1-7_4,Serotransferrin OS=Homo sapiens OX=9606 GN=TF PE=1 SV=3
YLGEEYVK,1480180224,sp|P02787|TRFE_HUMAN,OT_1-7_4,Serotransferrin OS=Homo sapiens OX=9606 GN=TF PE=1 SV=3
NFPSPVDAAFR,657988352,sp|P02790|HEMO_HUMAN,OT_1-7_4,Hemopexin OS=Homo sapiens OX=9606 GN=HPX PE=1 SV=2
LLQDEFPGIPSPLDAAVECHR,323456704,sp|P02790|HEMO_HUMAN,OT_1-7_4,Hemopexin OS=Homo sapiens OX=9606 GN=HPX PE=1 SV=2
DYFMPCPGR,1111469312,sp|P02790|HEMO_HUMAN,OT_1-7_4,Hemopexin OS=Homo sapiens OX=9606 GN=HPX PE=1 SV=2
EVGTPHGIILDSVDAAFICPGSSR,1468291456,sp|P02790|HEMO_HUMAN,OT_1-7_4,Hemopexin OS=Homo sapiens OX=9606 GN=HPX PE=1 SV=2
LWWLDLK,200788960,sp|P02790|HEMO_HUMAN,OT_1-7_4,Hemopexin OS=Homo sapiens OX=9606 GN=HPX PE=1 SV=2
VDGALCMEK,289353856,sp|P02790|HEMO_HUMAN,OT_1-7_4,Hemopexin OS=Homo sapiens OX=9606 GN=HPX PE=1 SV=2
GQYCYELDEK,97423640,sp|P04004|VTNC_HUMAN,OT_1-7_4,Vitronectin OS=Homo sapiens OX=9606 GN=VTN PE=1 SV=1
FEDGVLDPDYPR,183470656,sp|P04004|VTNC_HUMAN,OT_1-7_4,Vitronectin OS=Homo sapiens OX=9606 GN=VTN PE=1 SV=1
DWHGVPGQVDAAMAGR,68194744,sp|P04004|VTNC_HUMAN,OT_1-7_4,Vitronectin OS=Homo sapiens OX=9606 GN=VTN PE=1 SV=1
IYISGMAPR,376358016,sp|P04004|VTNC_HUMAN,OT_1-7_4,Vitronectin OS=Homo sapiens OX=9606 GN=VTN PE=1 SV=1
VDTVDPPYPR,30753620,sp|P04004|VTNC_HUMAN,OT_1-7_4,Vitronectin OS=Homo sapiens OX=9606 GN=VTN PE=1 SV=1
SIAQYWLGCPAPGHL,253734208,sp|P04004|VTNC_HUMAN,OT_1-7_4,Vitronectin OS=Homo sapiens OX=9606 GN=VTN PE=1 SV=1
GIISALLVPPETEEAK,113364728,sp|P04114|APOB_HUMAN,OT_1-7_4,Apolipoprotein B-100 OS=Homo sapiens OX=9606 GN=APOB PE=1 SV=2
IVQILPWEQNEQVK,86706968,sp|P04114|APOB_HUMAN,OT_1-7_4,Apolipoprotein B-100 OS=Homo sapiens OX=9606 GN=APOB PE=1 SV=2
TEVIPPLIENR,268562016,sp|P04114|APOB_HUMAN,OT_1-7_4,Apolipoprotein B-100 OS=Homo sapiens OX=9606 GN=APOB PE=1 SV=2
ALVEQGFTVPEIK,139364560,sp|P04114|APOB_HUMAN,OT_1-7_4,Apolipoprotein B-100 OS=Homo sapiens OX=9606 GN=APOB PE=1 SV=2
AVSMPSFSILGSDVR,137487792,sp|P04114|APOB_HUMAN,OT_1-7_4,Apolipoprotein B-100 OS=Homo sapiens OX=9606 GN=APOB PE=1 SV=2
NIILPVYDK,77574464,sp|P04114|APOB_HUMAN,OT_1-7_4,Apolipoprotein B-100 OS=Homo sapiens OX=9606 GN=APOB PE=1 SV=2
SSGLVSNAPGVQIR,13777658,sp|P04180|LCAT_HUMAN,OT_1-7_4,Phosphatidylcholine-sterol acyltransferase OS=Homo sapiens OX=9606 GN=LCAT PE=1 SV=1
STELCGLWQGR,8536943,sp|P04180|LCAT_HUMAN,OT_1-7_4,Phosphatidylcholine-sterol acyltransferase OS=Homo sapiens OX=9606 GN=LCAT PE=1 SV=1
EAPDLVLQR,6421248,sp|P04275|VWF_HUMAN,OT_1-7_4,von Willebrand factor OS=Homo sapiens OX=9606 GN=VWF PE=1 SV=4
SGFTYVLHEGECCGR,2732549,sp|P04275|VWF_HUMAN,OT_1-7_4,von Willebrand factor OS=Homo sapiens OX=9606 GN=VWF PE=1 SV=4
IALGGLLFPASNLR,7675826,sp|P04278|SHBG_HUMAN,OT_1-7_4,Sex hormone-binding globulin OS=Homo sapiens OX=9606 GN=SHBG PE=1 SV=2
TNLESILSYPK,201303856,sp|P05155|IC1_HUMAN,OT_1-7_4,Plasma protease C1 inhibitor OS=Homo sapiens OX=9606 GN=SERPING1 PE=1 SV=2
GVTSVSQIFHSPDLAIR,82926080,sp|P05155|IC1_HUMAN,OT_1-7_4,Plasma protease C1 inhibitor OS=Homo sapiens OX=9606 GN=SERPING1 PE=1 SV=2
TLYSSSPR,179935296,sp|P05155|IC1_HUMAN,OT_1-7_4,Plasma protease C1 inhibitor OS=Homo sapiens OX=9606 GN=SERPING1 PE=1 SV=2
LLDSLPSDTR,174747904,sp|P05155|IC1_HUMAN,OT_1-7_4,Plasma protease C1 inhibitor OS=Homo sapiens OX=9606 GN=SERPING1 PE=1 SV=2
LEDMEQALSPSVFK,43112732,sp|P05155|IC1_HUMAN,OT_1-7_4,Plasma protease C1 inhibitor OS=Homo sapiens OX=9606 GN=SERPING1 PE=1 SV=2
FQPTLLTLPR,416488992,sp|P05155|IC1_HUMAN,OT_1-7_4,Plasma protease C1 inhibitor OS=Homo sapiens OX=9606 GN=SERPING1 PE=1 SV=2
IAQYYYTFK,4777057,sp|P05160|F13B_HUMAN,OT_1-7_4,Coagulation factor XIII B chain OS=Homo sapiens OX=9606 GN=F13B PE=1 SV=3
TTGGKDEEVVQCLSDGWSSQPTCR,14528970,sp|P05160|F13B_HUMAN,OT_1-7_4,Coagulation factor XIII B chain OS=Homo sapiens OX=9606 GN=F13B PE=1 SV=3
GDTYPAELYITGSILR,2486135,sp|P05160|F13B_HUMAN,OT_1-7_4,Coagulation factor XIII B chain OS=Homo sapiens OX=9606 GN=F13B PE=1 SV=3
FAFNLYR,101223480,sp|P05543|THBG_HUMAN,OT_1-7_4,Thyroxine-binding globulin OS=Homo sapiens OX=9606 GN=SERPINA7 PE=1 SV=2
NALALFVLPK,23658434,sp|P05543|THBG_HUMAN,OT_1-7_4,Thyroxine-binding globulin OS=Homo sapiens OX=9606 GN=SERPINA7 PE=1 SV=2
EGQMESVEAAMSSK,17103564,sp|P05543|THBG_HUMAN,OT_1-7_4,Thyroxine-binding globulin OS=Homo sapiens OX=9606 GN=SERPINA7 PE=1 SV=2
GWVDLFVPK,18070224,sp|P05543|THBG_HUMAN,OT_1-7_4,Thyroxine-binding globulin OS=Homo sapiens OX=9606 GN=SERPINA7 PE=1 SV=2
FSISATYDLGATLLK,2526088,sp|P05543|THBG_HUMAN,OT_1-7_4,Thyroxine-binding globulin OS=Homo sapiens OX=9606 GN=SERPINA7 PE=1 SV=2
LGEVNTYAGDLQK,94894136,sp|P06727|APOA4_HUMAN,OT_1-7_4,Apolipoprotein A-IV OS=Homo sapiens OX=9606 GN=APOA4 PE=1 SV=3
LVPFATELHER,73806680,sp|P06727|APOA4_HUMAN,OT_1-7_4,Apolipoprotein A-IV OS=Homo sapiens OX=9606 GN=APOA4 PE=1 SV=3
LEPYADQLR,151303744,sp|P06727|APOA4_HUMAN,OT_1-7_4,Apolipoprotein A-IV OS=Homo sapiens OX=9606 GN=APOA4 PE=1 SV=3
LTPYADEFK,94200864,sp|P06727|APOA4_HUMAN,OT_1-7_4,Apolipoprotein A-IV OS=Homo sapiens OX=9606 GN=APOA4 PE=1 SV=3
ISASAEELR,53451792,sp|P06727|APOA4_HUMAN,OT_1-7_4,Apolipoprotein A-IV OS=Homo sapiens OX=9606 GN=APOA4 PE=1 SV=3
LAPLAEDVR,128520424,sp|P06727|APOA4_HUMAN,OT_1-7_4,Apolipoprotein A-IV OS=Homo sapiens OX=9606 GN=APOA4 PE=1 SV=3
SFQTGLFTAAR,31849132,sp|P07225|PROS_HUMAN,OT_1-7_4,Vitamin K-dependent protein S OS=Homo sapiens OX=9606 GN=PROS1 PE=1 SV=1
QSTNAYPDLR,19846096,sp|P07225|PROS_HUMAN,OT_1-7_4,Vitamin K-dependent protein S OS=Homo sapiens OX=9606 GN=PROS1 PE=1 SV=1
NIPGDFECECPEGYR,11342589,sp|P07225|PROS_HUMAN,OT_1-7_4,Vitamin K-dependent protein S OS=Homo sapiens OX=9606 GN=PROS1 PE=1 SV=1
VYFAGFPR,63854432,sp|P07225|PROS_HUMAN,OT_1-7_4,Vitamin K-dependent protein S OS=Homo sapiens OX=9606 GN=PROS1 PE=1 SV=1
HCLVTVEK,9139520,sp|P07225|PROS_HUMAN,OT_1-7_4,Vitamin K-dependent protein S OS=Homo sapiens OX=9606 GN=PROS1 PE=1 SV=1
SQDILLSVENTVIYR,18651528,sp|P07225|PROS_HUMAN,OT_1-7_4,Vitamin K-dependent protein S OS=Homo sapiens OX=9606 GN=PROS1 PE=1 SV=1
GTYSTTVTGR,74610792,sp|P08519|APOA_HUMAN,OT_1-7_4,Apolipoprotein(a) OS=Homo sapiens OX=9606 GN=LPA PE=1 SV=1
NPDAVAAPYCYTR,136721696,sp|P08519|APOA_HUMAN,OT_1-7_4,Apolipoprotein(a) OS=Homo sapiens OX=9606 GN=LPA PE=1 SV=1
LGNQEPGGQTALK,28155658,sp|P08697|A2AP_HUMAN,OT_1-7_4,Alpha-2-antiplasmin OS=Homo sapiens OX=9606 GN=SERPINF2 PE=1 SV=3
LCQDLGPGAFR,76665160,sp|P08697|A2AP_HUMAN,OT_1-7_4,Alpha-2-antiplasmin OS=Homo sapiens OX=9606 GN=SERPINF2 PE=1 SV=3
DSFHLDEQFTVPVEMMQAR,50138192,sp|P08697|A2AP_HUMAN,OT_1-7_4,Alpha-2-antiplasmin OS=Homo sapiens OX=9606 GN=SERPINF2 PE=1 SV=3
GDKLFGPDLK,11853115,sp|P08697|A2AP_HUMAN,OT_1-7_4,Alpha-2-antiplasmin OS=Homo sapiens OX=9606 GN=SERPINF2 PE=1 SV=3
VDFTLSSER,86546240,sp|P0C0L4|CO4A_HUMAN,OT_1-7_4,Complement C4-A OS=Homo sapiens OX=9606 GN=C4A PE=1 SV=2
YVLPNFEVK,154313392,sp|P0C0L4|CO4A_HUMAN,OT_1-7_4,Complement C4-A OS=Homo sapiens OX=9606 GN=C4A PE=1 SV=2
AEFQDALEK,111186168,sp|P0C0L4|CO4A_HUMAN,OT_1-7_4,Complement C4-A OS=Homo sapiens OX=9606 GN=C4A PE=1 SV=2
HLVPGAPFLLQALVR,601964096,sp|P0C0L4|CO4A_HUMAN,OT_1-7_4,Complement C4-A OS=Homo sapiens OX=9606 GN=C4A PE=1 SV=2
VGDTLNLNLR,206928432,sp|P0C0L4|CO4A_HUMAN,OT_1-7_4,Complement C4-A OS=Homo sapiens OX=9606 GN=C4A PE=1 SV=2
GSFEFPVGDAVSK,311230496,sp|P0C0L4|CO4A_HUMAN,OT_1-7_4,Complement C4-A OS=Homo sapiens OX=9606 GN=C4A PE=1 SV=2
TLLSNLEEAK,54032444,sp|P10909|CLUS_HUMAN,OT_1-7_4,Clusterin OS=Homo sapiens OX=9606 GN=CLU PE=1 SV=1
IDSLLENDR,13897031,sp|P10909|CLUS_HUMAN,OT_1-7_4,Clusterin OS=Homo sapiens OX=9606 GN=CLU PE=1 SV=1
EILSVDCSTNNPSQAK,57076336,sp|P10909|CLUS_HUMAN,OT_1-7_4,Clusterin OS=Homo sapiens OX=9606 GN=CLU PE=1 SV=1
ELDESLQVAER,147360512,sp|P10909|CLUS_HUMAN,OT_1-7_4,Clusterin OS=Homo sapiens OX=9606 GN=CLU PE=1 SV=1
VTTVASHTSDSDVPSGVTEVVVK,94698688,sp|P10909|CLUS_HUMAN,OT_1-7_4,Clusterin OS=Homo sapiens OX=9606 GN=CLU PE=1 SV=1
FMETVAEK,122054312,sp|P10909|CLUS_HUMAN,OT_1-7_4,Clusterin OS=Homo sapiens OX=9606 GN=CLU PE=1 SV=1
EVQPVELPNCNLVK,63790176,sp|P27169|PON1_HUMAN,OT_1-7_4,Serum paraoxonase/arylesterase 1 OS=Homo sapiens OX=9606 GN=PON1 PE=1 SV=3
FDVSSFNPHGISTFTDEDNAMYLLVVNHPDAK,52983496,sp|P27169|PON1_HUMAN,OT_1-7_4,Serum paraoxonase/arylesterase 1 OS=Homo sapiens OX=9606 GN=PON1 PE=1 SV=3
YVYIAELLAHK,62689820,sp|P27169|PON1_HUMAN,OT_1-7_4,Serum paraoxonase/arylesterase 1 OS=Homo sapiens OX=9606 GN=PON1 PE=1 SV=3
IFFYDSENPPASEVLR,144546480,sp|P27169|PON1_HUMAN,OT_1-7_4,Serum paraoxonase/arylesterase 1 OS=Homo sapiens OX=9606 GN=PON1 PE=1 SV=3
IQNILTEEPK,91167128,sp|P27169|PON1_HUMAN,OT_1-7_4,Serum paraoxonase/arylesterase 1 OS=Homo sapiens OX=9606 GN=PON1 PE=1 SV=3
LLIGTVFHK,60042128,sp|P27169|PON1_HUMAN,OT_1-7_4,Serum paraoxonase/arylesterase 1 OS=Homo sapiens OX=9606 GN=PON1 PE=1 SV=3
EALQGVGDMGR,176701440,sp|P35542|SAA4_HUMAN,OT_1-7_4,Serum amyloid A-4 protein OS=Homo sapiens OX=9606 GN=SAA4 PE=1 SV=2
AYWDIMISNHQNSNR,28962342,sp|P35542|SAA4_HUMAN,OT_1-7_4,Serum amyloid A-4 protein OS=Homo sapiens OX=9606 GN=SAA4 PE=1 SV=2
GPGGVWAAK,88988152,sp|P35542|SAA4_HUMAN,OT_1-7_4,Serum amyloid A-4 protein OS=Homo sapiens OX=9606 GN=SAA4 PE=1 SV=2
LAAAVSNFGYDLYR,61894012,sp|P36955|PEDF_HUMAN,OT_1-7_4,Pigment epithelium-derived factor OS=Homo sapiens OX=9606 GN=SERPINF1 PE=1 SV=4
ELLDTVTAPQK,22741508,sp|P36955|PEDF_HUMAN,OT_1-7_4,Pigment epithelium-derived factor OS=Homo sapiens OX=9606 GN=SERPINF1 PE=1 SV=4
SSFVAPLEK,34857168,sp|P36955|PEDF_HUMAN,OT_1-7_4,Pigment epithelium-derived factor OS=Homo sapiens OX=9606 GN=SERPINF1 PE=1 SV=4
YGLDSDLSCK,23023624,sp|P36955|PEDF_HUMAN,OT_1-7_4,Pigment epithelium-derived factor OS=Homo sapiens OX=9606 GN=SERPINF1 PE=1 SV=4
LSYEGEVTK,14667297,sp|P36955|PEDF_HUMAN,OT_1-7_4,Pigment epithelium-derived factor OS=Homo sapiens OX=9606 GN=SERPINF1 PE=1 SV=4
LQSLFDSPDFSK,45925432,sp|P36955|PEDF_HUMAN,OT_1-7_4,Pigment epithelium-derived factor OS=Homo sapiens OX=9606 GN=SERPINF1 PE=1 SV=4
LSSGLVTAALYGR,12397438,sp|P43251|BTD_HUMAN,OT_1-7_4,Biotinidase OS=Homo sapiens OX=9606 GN=BTD PE=1 SV=2
LPNNVLQEK,31946006,sp|P43652|AFAM_HUMAN,OT_1-7_4,Afamin OS=Homo sapiens OX=9606 GN=AFM PE=1 SV=1
ICAMEGLPQK,50060332,sp|P43652|AFAM_HUMAN,OT_1-7_4,Afamin OS=Homo sapiens OX=9606 GN=AFM PE=1 SV=1
FTDSENVCQER,31162776,sp|P43652|AFAM_HUMAN,OT_1-7_4,Afamin OS=Homo sapiens OX=9606 GN=AFM PE=1 SV=1
FTFEYSR,73883648,sp|P43652|AFAM_HUMAN,OT_1-7_4,Afamin OS=Homo sapiens OX=9606 GN=AFM PE=1 SV=1
RHPDLSIPELLR,128608968,sp|P43652|AFAM_HUMAN,OT_1-7_4,Afamin OS=Homo sapiens OX=9606 GN=AFM PE=1 SV=1
FLVNLVK,59316820,sp|P43652|AFAM_HUMAN,OT_1-7_4,Afamin OS=Homo sapiens OX=9606 GN=AFM PE=1 SV=1
STDYGIFQINSR,7454949,sp|P61626|LYSC_HUMAN,OT_1-7_4,Lysozyme C OS=Homo sapiens OX=9606 GN=LYZ PE=1 SV=1
